{
	"info": {
		"_postman_id": "3de43159-6004-4a3a-a23d-6def6b1dd107",
		"name": "Application Registration",
		"description": "Used to enable an application on a Mitel Partner's customer account. Full instructions and documentation are available here - [https://developer.mitel.io/guides-resources/using-the-api#registration-and-deployment-process](https://developer.mitel.io/guides-resources/using-the-api#registration-and-deployment-process)\n\nDeveloped by [Budd.Renaud@Mitel.com](https://desktop.postman.com/?desktopVersion=10.1.2&userId=10691107&teamId=0).\n\nLast Update: 11/16/2023\n\nv2.0.1",
		"schema": "https://schema.getpostman.com/json/collection/v2.1.0/collection.json",
		"_exporter_id": "10691107"
	},
	"item": [
		{
			"name": "Auth Token",
			"event": [
				{
					"listen": "test",
					"script": {
						"exec": [
							"let jsonData = pm.response.json();\r",
							"pm.environment.set(\"access_token\", jsonData[\"access_token\"]);\r",
							"pm.environment.set(\"refresh_token\", jsonData[\"refresh_token\"]);"
						],
						"type": "text/javascript"
					}
				}
			],
			"request": {
				"method": "POST",
				"header": [],
				"body": {
					"mode": "urlencoded",
					"urlencoded": [
						{
							"key": "grant_type",
							"value": "password",
							"type": "text"
						},
						{
							"key": "username",
							"value": "{{username}}",
							"type": "text"
						},
						{
							"key": "password",
							"value": "{{password}}",
							"type": "text"
						},
						{
							"key": "account_id",
							"value": "{{PartnerPrimeAccountId}}",
							"type": "text"
						}
					]
				},
				"url": {
					"raw": "{{auth_url}}/token",
					"host": [
						"{{auth_url}}"
					],
					"path": [
						"token"
					]
				}
			},
			"response": []
		},
		{
			"name": "Enable Application",
			"request": {
				"method": "PUT",
				"header": [
					{
						"key": "x-mitel-app",
						"value": "{{x-mitel-app}}",
						"type": "text"
					}
				],
				"body": {
					"mode": "raw",
					"raw": "{\r\n  \"accountId\": \"{{accountIdGUID}}\",\r\n  \"name\": \"{{appName}}\",\r\n  \"description\": \"{{appDescription}}\",\r\n  \"redirectUris\": [\r\n    \"string\"\r\n  ],\r\n  \"active\": true\r\n}",
					"options": {
						"raw": {
							"language": "json"
						}
					}
				},
				"url": {
					"raw": "{{auth_url}}/applications/{{applicationId}}",
					"host": [
						"{{auth_url}}"
					],
					"path": [
						"applications",
						"{{applicationId}}"
					]
				}
			},
			"response": []
		}
	],
	"auth": {
		"type": "bearer",
		"bearer": [
			{
				"key": "token",
				"value": "{{access_token}}",
				"type": "string"
			}
		]
	},
	"event": [
		{
			"listen": "prerequest",
			"script": {
				"type": "text/javascript",
				"exec": [
					""
				]
			}
		},
		{
			"listen": "test",
			"script": {
				"type": "text/javascript",
				"exec": [
					""
				]
			}
		}
	]
}