{
	"id": "8f1951f2-9f63-4eaf-9fb6-2514f1498a66",
	"name": "Application Registration",
	"values": [
		{
			"key": "username",
			"value": "PARTNER_ADMIN Username",
			"enabled": true
		},
		{
			"key": "password",
			"value": "PARTNER_ADMIN Password",
			"enabled": true
		},
		{
			"key": "PartnerPrimeAccountId",
			"value": "CloudLink Account Number for Prime Partner Account",
			"enabled": true
		},
		{
			"key": "accountIdGUID",
			"value": "The GUID format of the accountId",
			"type": "default",
			"enabled": true
		},
		{
			"key": "applicationId",
			"value": "The clientId being enabled",
			"type": "default",
			"enabled": true
		},
		{
			"key": "appName",
			"value": "Name of the application",
			"type": "default",
			"enabled": true
		},
		{
			"key": "appDescription",
			"value": "Description of the application",
			"type": "default",
			"enabled": true
		},
		{
			"key": "admin_url",
			"value": "https://admin.api.mitel.io/2017-09-01",
			"type": "default",
			"enabled": true
		},
		{
			"key": "auth_url",
			"value": "https://authentication.api.mitel.io/2017-09-01",
			"enabled": true
		},
		{
			"key": "access_token",
			"value": "",
			"enabled": true
		},
		{
			"key": "refresh_token",
			"value": "",
			"enabled": true
		},
		{
			"key": "x-mitel-app",
			"value": "app=BR-AppRegistry/2.0.0;platform=windows/10;session-id=static",
			"enabled": true
		}
	],
	"_postman_variable_scope": "environment",
	"_postman_exported_at": "2023-11-16T13:41:55.248Z",
	"_postman_exported_using": "Postman/10.20.0"
}